{
  "%atomic_cas(128thread)": 30228793.783999998,
  "%atomic_cas(16thread)": 3173265.483,
  "%atomic_cas(1thread)": 18047.632,
  "%atomic_cas(2thread)": 225903.871,
  "%atomic_cas(32thread)": 13883590.013,
  "%atomic_cas(4thread)": 549031.834,
  "%atomic_cas(64thread)": 14201821.036,
  "%atomic_cas(8thread)": 2138944.844,
  "%atomics_fetch_add(128thread)": 8189452.157,
  "%atomics_fetch_add(16thread)": 1955763.446,
  "%atomics_fetch_add(1thread)": 95358.463,
  "%atomics_fetch_add(2thread)": 495736.55499999993,
  "%atomics_fetch_add(32thread)": 3222078.966,
  "%atomics_fetch_add(4thread)": 789136.015,
  "%atomics_fetch_add(64thread)": 4023677.58,
  "%atomics_fetch_add(8thread)": 1442725.814,
  "std_mutex_simple(128thread)": 34034787.676,
  "std_mutex_simple(16thread)": 7402559.126,
  "std_mutex_simple(1thread)": 42598.966,
  "std_mutex_simple(2thread)": 631648.7520000001,
  "std_mutex_simple(32thread)": 13325286.671000002,
  "std_mutex_simple(4thread)": 1303498.509,
  "std_mutex_simple(64thread)": 17187944.536,
  "std_mutex_simple(8thread)": 5196910.352
}
