{
    "%Erase   f14val<NonSSOString, a[128]>[11264]": 136267819.284375,
    "%Erase   f14val<NonSSOString, a[128]>[11]": 83195.88437500001,
    "%Erase   f14val<NonSSOString, a[128]>[352]": 2519039.084375,
    "%Erase   f14val<NonSSOString, a[1]>[11264]": 135103769.784375,
    "%Erase   f14val<NonSSOString, a[1]>[11]": 96846.984375,
    "%Erase   f14val<NonSSOString, a[1]>[352]": 2463425.084375,
    "%Erase   f14val<std::string, a[128]>[11264]": 184434893.88437504,
    "%Erase   f14val<std::string, a[128]>[11]": 182964.284375,
    "%Erase   f14val<std::string, a[128]>[352]": 4471579.784375,
    "%Erase   f14val<std::string, a[1]>[11264]": 166033188.284375,
    "%Erase   f14val<std::string, a[1]>[11]": 176354.68437499998,
    "%Erase   f14val<std::string, a[1]>[352]": 4474768.384375,
    "%Erase   f14val<uint64_t, a[128]>[11264]": 112882834.884375,
    "%Erase   f14val<uint64_t, a[128]>[11]": 124597.784375,
    "%Erase   f14val<uint64_t, a[128]>[352]": 2894456.984375,
    "%Erase   f14val<uint64_t, a[1]>[11264]": 97538822.08437501,
    "%Erase   f14val<uint64_t, a[1]>[11]": 115640.584375,
    "%Erase   f14val<uint64_t, a[1]>[352]": 2772498.584375,
    "%Erase   f14vec<NonSSOString, a[128]>[11264]": 123264252.884375,
    "%Erase   f14vec<NonSSOString, a[128]>[11]": 73555.684375,
    "%Erase   f14vec<NonSSOString, a[128]>[352]": 2122764.584375,
    "%Erase   f14vec<NonSSOString, a[1]>[11264]": 121028503.984375,
    "%Erase   f14vec<NonSSOString, a[1]>[11]": 76061.38437500001,
    "%Erase   f14vec<NonSSOString, a[1]>[352]": 2106002.6843749997,
    "%Erase   f14vec<std::string, a[128]>[11264]": 244959903.68437502,
    "%Erase   f14vec<std::string, a[128]>[11]": 204382.384375,
    "%Erase   f14vec<std::string, a[128]>[352]": 5681659.984375,
    "%Erase   f14vec<std::string, a[1]>[11264]": 205663436.384375,
    "%Erase   f14vec<std::string, a[1]>[11]": 204154.784375,
    "%Erase   f14vec<std::string, a[1]>[352]": 5359154.184375,
    "%Erase   f14vec<uint64_t, a[128]>[11264]": 141440688.08437502,
    "%Erase   f14vec<uint64_t, a[128]>[11]": 138082.58437499998,
    "%Erase   f14vec<uint64_t, a[128]>[352]": 3835733.6843749997,
    "%Erase   f14vec<uint64_t, a[1]>[11264]": 119758704.784375,
    "%Erase   f14vec<uint64_t, a[1]>[11]": 125273.884375,
    "%Erase   f14vec<uint64_t, a[1]>[352]": 3376743.0843749996,
    "%Insert   f14val<NonSSOString, a[128]>[11264]": 1080180924.684375,
    "%Insert   f14val<NonSSOString, a[128]>[11]": 705920.884375,
    "%Insert   f14val<NonSSOString, a[128]>[352]": 25208167.584374998,
    "%Insert   f14val<NonSSOString, a[1]>[11264]": 861007884.684375,
    "%Insert   f14val<NonSSOString, a[1]>[11]": 527829.484375,
    "%Insert   f14val<NonSSOString, a[1]>[352]": 20902061.584374998,
    "%Insert   f14val<std::string, a[128]>[11264]": 784042544.784375,
    "%Insert   f14val<std::string, a[128]>[11]": 466271.684375,
    "%Insert   f14val<std::string, a[128]>[352]": 15966221.184375,
    "%Insert   f14val<std::string, a[1]>[11264]": 464815794.08437496,
    "%Insert   f14val<std::string, a[1]>[11]": 346441.38437499997,
    "%Insert   f14val<std::string, a[1]>[352]": 11931367.984375,
    "%Insert   f14val<uint64_t, a[128]>[11264]": 498368993.78437495,
    "%Insert   f14val<uint64_t, a[128]>[11]": 327008.184375,
    "%Insert   f14val<uint64_t, a[128]>[352]": 11520529.484375,
    "%Insert   f14val<uint64_t, a[1]>[11264]": 190203270.484375,
    "%Insert   f14val<uint64_t, a[1]>[11]": 150835.784375,
    "%Insert   f14val<uint64_t, a[1]>[352]": 5380195.784375,
    "%Insert   f14vec<NonSSOString, a[128]>[11264]": 851444260.684375,
    "%Insert   f14vec<NonSSOString, a[128]>[11]": 696725.884375,
    "%Insert   f14vec<NonSSOString, a[128]>[352]": 24334738.584375,
    "%Insert   f14vec<NonSSOString, a[1]>[11264]": 713767594.184375,
    "%Insert   f14vec<NonSSOString, a[1]>[11]": 512448.28437500005,
    "%Insert   f14vec<NonSSOString, a[1]>[352]": 20625683.684375,
    "%Insert   f14vec<std::string, a[128]>[11264]": 534831008.6843751,
    "%Insert   f14vec<std::string, a[128]>[11]": 431274.984375,
    "%Insert   f14vec<std::string, a[128]>[352]": 14811514.184375001,
    "%Insert   f14vec<std::string, a[1]>[11264]": 409944436.184375,
    "%Insert   f14vec<std::string, a[1]>[11]": 340491.184375,
    "%Insert   f14vec<std::string, a[1]>[352]": 11412628.784374999,
    "%Insert   f14vec<uint64_t, a[128]>[11264]": 381076295.58437496,
    "%Insert   f14vec<uint64_t, a[128]>[11]": 311367.784375,
    "%Insert   f14vec<uint64_t, a[128]>[352]": 10861300.384374999,
    "%Insert   f14vec<uint64_t, a[1]>[11264]": 196714537.18437502,
    "%Insert   f14vec<uint64_t, a[1]>[11]": 151529.884375,
    "%Insert   f14vec<uint64_t, a[1]>[352]": 5094380.084375,
    "%InsertGrow   f14val<NonSSOString, a[128]>[11264]": 1477812077.384375,
    "%InsertGrow   f14val<NonSSOString, a[128]>[11]": 954366.784375,
    "%InsertGrow   f14val<NonSSOString, a[128]>[352]": 37733373.484375,
    "%InsertGrow   f14val<NonSSOString, a[1]>[11264]": 1087855322.784375,
    "%InsertGrow   f14val<NonSSOString, a[1]>[11]": 577138.1843750001,
    "%InsertGrow   f14val<NonSSOString, a[1]>[352]": 28791049.284375,
    "%InsertGrow   f14val<std::string, a[128]>[11264]": 1047843403.9843751,
    "%InsertGrow   f14val<std::string, a[128]>[11]": 624193.284375,
    "%InsertGrow   f14val<std::string, a[128]>[352]": 27924872.784374997,
    "%InsertGrow   f14val<std::string, a[1]>[11264]": 660686767.684375,
    "%InsertGrow   f14val<std::string, a[1]>[11]": 437007.384375,
    "%InsertGrow   f14val<std::string, a[1]>[352]": 18195241.584374998,
    "%InsertGrow   f14val<uint64_t, a[128]>[11264]": 733450916.684375,
    "%InsertGrow   f14val<uint64_t, a[128]>[11]": 479541.884375,
    "%InsertGrow   f14val<uint64_t, a[128]>[352]": 16182733.484375,
    "%InsertGrow   f14val<uint64_t, a[1]>[11264]": 290665847.384375,
    "%InsertGrow   f14val<uint64_t, a[1]>[11]": 226510.08437499998,
    "%InsertGrow   f14val<uint64_t, a[1]>[352]": 7951409.884374999,
    "%InsertGrow   f14vec<NonSSOString, a[128]>[11264]": 1765660302.284375,
    "%InsertGrow   f14vec<NonSSOString, a[128]>[11]": 944946.784375,
    "%InsertGrow   f14vec<NonSSOString, a[128]>[352]": 51561842.984375,
    "%InsertGrow   f14vec<NonSSOString, a[1]>[11264]": 1320322353.8843749,
    "%InsertGrow   f14vec<NonSSOString, a[1]>[11]": 592702.384375,
    "%InsertGrow   f14vec<NonSSOString, a[1]>[352]": 35149355.184375,
    "%InsertGrow   f14vec<std::string, a[128]>[11264]": 1244706824.5843751,
    "%InsertGrow   f14vec<std::string, a[128]>[11]": 625119.4843750001,
    "%InsertGrow   f14vec<std::string, a[128]>[352]": 40413473.984375,
    "%InsertGrow   f14vec<std::string, a[1]>[11264]": 804125644.484375,
    "%InsertGrow   f14vec<std::string, a[1]>[11]": 442759.38437499997,
    "%InsertGrow   f14vec<std::string, a[1]>[352]": 22660550.884375,
    "%InsertGrow   f14vec<uint64_t, a[128]>[11264]": 820654466.084375,
    "%InsertGrow   f14vec<uint64_t, a[128]>[11]": 455380.384375,
    "%InsertGrow   f14vec<uint64_t, a[128]>[352]": 23389751.484375,
    "%InsertGrow   f14vec<uint64_t, a[1]>[11264]": 366736809.484375,
    "%InsertGrow   f14vec<uint64_t, a[1]>[11]": 234535.184375,
    "%InsertGrow   f14vec<uint64_t, a[1]>[352]": 9900100.684375,
    "%InsertSqBr   f14val<NonSSOString, a[128]>[11264]": 1480525485.4843752,
    "%InsertSqBr   f14val<NonSSOString, a[128]>[11]": 977725.284375,
    "%InsertSqBr   f14val<NonSSOString, a[128]>[352]": 36744632.684375,
    "%InsertSqBr   f14val<NonSSOString, a[1]>[11264]": 912011093.784375,
    "%InsertSqBr   f14val<NonSSOString, a[1]>[11]": 483116.384375,
    "%InsertSqBr   f14val<NonSSOString, a[1]>[352]": 24770976.784375,
    "%InsertSqBr   f14val<std::string, a[128]>[11264]": 998872710.684375,
    "%InsertSqBr   f14val<std::string, a[128]>[11]": 690897.5843750001,
    "%InsertSqBr   f14val<std::string, a[128]>[352]": 27721591.784375,
    "%InsertSqBr   f14val<std::string, a[1]>[11264]": 503338457.58437496,